,Name,Attack,Defense,HP,Region,Sp. Atk,Sp. Def,Speed,Type 1,Type 2
0,Bulbasaur,74,111,210,Kalos,158,204,170,Ice,DNE
1,Ivysaur,29,133,97,Kanto,143,34,46,Psychic,Rock
2,Venusaur,48,126,59,Alola,140,43,167,Ghost,Electric
3,Charmander,215,4,18,Alola,200,163,157,Grass,Fire
4,Charmeleon,32,5,165,Johto,145,226,6,Dark,DNE
5,Charizard,72,214,101,Paldea,246,137,5,Fire,Dark
6,Squirtle,246,121,140,Paldea,2,237,177,Dark,Fighting
7,Wartortle,171,144,74,Alola,230,40,14,Bug,Ice
8,Blastoise,29,236,58,Hoenn,86,189,145,Fairy,DNE
9,Caterpie,231,122,54,Kanto,223,243,131,Psychic,Fire
10,Metapod,32,70,173,Kalos,170,211,23,Ice,Fighting
11,Butterfree,76,167,66,Unova,10,33,213,Ground,Ghost
12,Weedle,219,43,243,Paldea,72,146,209,Fire,Dark
13,Kakuna,79,81,27,Paldea,214,217,150,Fire,Electric
14,Beedrill,85,147,127,Unova,94,73,143,Dark,DNE
15,Pidgey,161,65,110,Galar,41,103,245,Grass,Ghost
16,Pidgeotto,66,14,188,Unova,136,177,185,Dragon,Flying
17,Pidgeot,171,126,245,Galar,54,197,188,Ghost,Psychic
18,Rattata,96,122,17,Unova,88,112,58,Rock,Fighting
19,Raticate,15,213,31,Johto,81,186,198,Fairy,Ice
20,Spearow,73,191,104,Unova,145,19,151,Steel,Grass
21,Fearow,175,36,222,Alola,161,66,162,Electric,DNE
22,Ekans,167,127,35,Kanto,10,42,180,Ghost,Ice
23,Arbok,195,105,40,Johto,39,154,245,Psychic,Steel
24,Pikachu,17,28,110,Galar,151,137,43,Dark,Normal
25,Raichu,98,122,184,Johto,71,95,132,Grass,DNE
26,Sandshrew,104,87,55,Kalos,181,183,230,Fighting,Dark
27,Sandslash,86,22,144,Johto,108,82,112,Rock,DNE
28,Nidorina,211,120,104,Hoenn,30,253,17,Normal,DNE
29,Nidoqueen,78,66,11,Paldea,71,246,216,Dragon,DNE
30,Nidorino,30,19,131,Johto,141,118,107,Steel,Ghost
31,Nidoking,34,199,193,Alola,242,171,25,Ground,DNE
32,Clefairy,48,214,185,Galar,41,213,251,Ghost,Steel
33,Clefable,72,74,7,Unova,116,214,82,Ground,Grass
34,Vulpix,29,235,54,Hoenn,207,121,77,Fighting,Fairy
35,Ninetales,21,6,59,Kalos,164,177,8,Fighting,Dragon
36,Jigglypuff,8,186,46,Kalos,188,124,40,Fairy,DNE
37,Wigglytuff,98,34,10,Unova,120,136,1,Bug,DNE
38,Zubat,138,245,77,Sinnoh,30,168,61,Dark,Poison
39,Golbat,104,71,187,Galar,192,183,109,Flying,DNE
40,Oddish,192,184,56,Kalos,99,241,237,Dark,Fire
41,Gloom,239,59,103,Paldea,45,60,204,Fighting,Rock
42,Vileplume,256,171,93,Unova,149,95,113,Dragon,Fairy
43,Paras,244,35,181,Sinnoh,93,238,115,Water,Ground
44,Parasect,14,179,147,Kanto,134,62,185,Ice,Electric
45,Venonat,136,137,135,Paldea,151,152,22,Bug,Water
46,Venomoth,256,213,22,Johto,5,33,30,Electric,Fighting
47,Diglett,212,46,55,Unova,39,5,105,Water,DNE
48,Dugtrio,1,147,238,Johto,163,79,62,Fire,DNE
49,Meowth,57,68,218,Sinnoh,49,66,122,Normal,Water
50,Persian,119,137,64,Sinnoh,136,21,27,Fire,Ground
51,Psyduck,42,141,199,Paldea,118,84,61,Fairy,Water
52,Golduck,244,217,15,Unova,17,206,95,Ground,DNE
53,Mankey,127,156,207,Alola,152,131,61,Flying,Grass
54,Primeape,184,93,102,Paldea,29,225,187,Dark,DNE
55,Growlithe,218,245,133,Paldea,129,102,190,Fire,DNE
56,Arcanine,120,246,123,Hoenn,192,226,164,Fairy,Psychic
57,Poliwag,178,208,32,Alola,190,212,154,Water,Ghost
58,Poliwhirl,74,214,176,Sinnoh,46,175,155,Steel,Flying
59,Poliwrath,138,196,63,Johto,108,55,74,Steel,Grass
60,Abra,99,111,103,Sinnoh,189,222,218,Steel,Dragon
61,Kadabra,47,52,223,Hoenn,172,134,213,Dragon,Fire
62,Alakazam,170,217,175,Johto,204,220,198,Rock,Poison
63,Machop,35,157,227,Sinnoh,238,150,9,Electric,Flying
64,Machoke,66,49,197,Galar,181,100,174,Rock,Fighting
65,Machamp,233,53,234,Unova,219,227,235,Electric,Poison
66,Bellsprout,142,81,190,Hoenn,49,181,164,Grass,Ice
67,Weepinbell,154,128,33,Galar,155,196,176,Flying,DNE
68,Victreebel,237,183,12,Unova,84,32,189,Rock,Normal
69,Tentacool,204,94,33,Paldea,36,211,75,Grass,DNE
70,Tentacruel,214,78,42,Sinnoh,27,69,230,Normal,Bug
71,Geodude,128,132,139,Sinnoh,22,131,204,Flying,Bug
72,Graveler,49,179,242,Kanto,147,164,246,Dragon,Poison
73,Golem,162,122,239,Kalos,223,182,86,Ghost,Fairy
74,Ponyta,184,49,73,Hoenn,198,59,133,Fighting,DNE
75,Rapidash,46,148,64,Unova,63,183,30,Dark,Electric
76,Slowpoke,49,190,204,Kanto,85,237,236,Ghost,Rock
77,Slowbro,57,11,174,Galar,120,66,77,Normal,Rock
78,Magnemite,181,136,38,Alola,166,227,212,Grass,DNE
79,Magneton,160,163,17,Hoenn,197,139,171,Bug,Ice
80,Doduo,193,17,31,Hoenn,175,2,63,Dark,Rock
81,Dodrio,44,115,225,Galar,75,255,90,Ground,DNE
82,Seel,193,234,206,Kanto,224,179,35,Electric,Psychic
83,Dewgong,37,12,180,Kalos,134,17,34,Rock,Electric
84,Grimer,43,178,2,Sinnoh,186,84,77,Dark,Ground
85,Muk,139,13,47,Hoenn,40,6,89,Psychic,Ice
86,Shellder,193,12,219,Paldea,102,207,223,Bug,Poison
87,Cloyster,56,242,225,Galar,110,199,199,Fairy,Normal
88,Gastly,135,90,217,Kalos,105,227,141,Flying,DNE
89,Haunter,170,158,108,Johto,104,73,93,Grass,Ghost
90,Gengar,75,70,207,Galar,139,89,159,Ice,Dark
91,Onix,103,40,46,Paldea,152,80,252,Ground,Dark
92,Drowzee,151,10,64,Alola,159,118,33,Water,Ice
93,Hypno,210,140,143,Galar,73,216,124,Psychic,Rock
94,Krabby,105,63,209,Paldea,121,181,256,Normal,Dragon
95,Kingler,226,66,227,Paldea,217,43,190,Flying,Ice
96,Voltorb,138,121,21,Kanto,131,247,208,Electric,Ghost
97,Electrode,11,65,119,Alola,198,122,176,Ice,Fighting
98,Exeggcute,18,131,189,Hoenn,255,46,52,Psychic,Grass
99,Exeggutor,122,6,18,Sinnoh,123,111,97,Steel,Dark
100,Cubone,17,9,52,Hoenn,252,31,53,Psychic,Ground
101,Marowak,13,223,213,Hoenn,18,117,28,Ground,Dark
102,Hitmonlee,214,152,113,Kanto,134,122,205,Fairy,DNE
103,Hitmonchan,25,144,58,Paldea,115,197,105,Rock,Fire
104,Lickitung,58,152,102,Sinnoh,20,56,129,Ghost,Fire
105,Koffing,17,17,50,Sinnoh,81,3,141,Water,Ice
106,Weezing,109,93,161,Sinnoh,165,64,227,Rock,DNE
107,Rhyhorn,227,208,228,Paldea,165,254,104,Dark,DNE
108,Rhydon,172,66,188,Alola,110,126,114,Ice,Bug
109,Chansey,253,20,149,Galar,120,132,36,Steel,Dragon
110,Tangela,68,230,38,Hoenn,90,185,84,Ghost,Ground
111,Kangaskhan,127,74,252,Unova,22,5,65,Dragon,DNE
112,Horsea,118,23,4,Sinnoh,92,68,77,Water,DNE
113,Seadra,226,20,159,Kalos,177,13,164,Ghost,Ice
114,Goldeen,17,8,10,Kalos,89,115,237,Fairy,Ghost
115,Seaking,133,124,248,Alola,50,53,42,Steel,Ground
116,Staryu,30,156,56,Unova,186,222,198,Bug,Fighting
117,Starmie,51,31,9,Alola,234,17,42,Psychic,DNE
118,Scyther,211,217,89,Hoenn,178,11,52,Fairy,Poison
119,Jynx,90,150,243,Kanto,8,5,53,Dragon,Bug
120,Electabuzz,24,229,18,Sinnoh,40,124,231,Ground,DNE
121,Magmar,194,36,193,Hoenn,191,241,171,Ghost,Ice
122,Pinsir,51,57,83,Alola,58,113,100,Grass,DNE
123,Tauros,188,77,226,Kanto,195,92,47,Dark,Water
124,Magikarp,81,104,221,Unova,84,136,145,Ghost,Water
125,Gyarados,44,62,214,Paldea,234,127,127,Rock,Electric
126,Lapras,188,85,218,Hoenn,225,84,215,Dragon,Ground
127,Ditto,56,191,170,Alola,233,101,151,Normal,Psychic
128,Eevee,177,92,4,Alola,15,85,164,Psychic,DNE
129,Vaporeon,54,174,202,Hoenn,39,11,54,Fire,DNE
130,Jolteon,161,246,68,Johto,28,198,227,Psychic,Ice
131,Flareon,38,175,181,Hoenn,9,196,186,Poison,Ghost
132,Porygon,137,175,252,Alola,68,188,137,Water,Dark
133,Omanyte,135,252,250,Galar,45,104,210,Dark,DNE
134,Omastar,248,85,207,Hoenn,70,198,79,Poison,DNE
135,Kabuto,152,250,136,Unova,196,134,180,Fairy,Ground
136,Kabutops,186,111,60,Paldea,221,250,42,Steel,Electric
137,Aerodactyl,75,119,212,Johto,91,61,33,Normal,Fighting
138,Snorlax,28,172,34,Kanto,85,148,152,Fighting,DNE
139,Articuno,90,161,178,Paldea,186,30,175,Normal,Bug
140,Zapdos,220,10,84,Alola,36,202,17,Water,Bug
141,Moltres,207,94,29,Paldea,92,206,136,Grass,Dragon
142,Dratini,77,202,200,Galar,154,218,8,Dark,Water
143,Dragonair,12,211,221,Kalos,218,1,108,Steel,Fighting
144,Dragonite,143,105,8,Galar,207,96,240,Electric,Fairy
145,Mewtwo,230,219,249,Kalos,236,123,15,Dark,DNE
146,Mew,51,145,136,Paldea,157,1,23,Electric,Grass
147,Chikorita,227,59,40,Galar,66,33,27,Ghost,Grass
148,Bayleef,110,134,155,Johto,166,60,256,Fire,Steel
149,Meganium,78,147,11,Alola,48,99,52,Dragon,DNE
150,Cyndaquil,186,136,24,Sinnoh,246,166,6,Flying,Grass
151,Quilava,121,180,143,Paldea,200,27,105,Dark,Ice
152,Typhlosion,203,113,166,Alola,239,175,190,Rock,Poison
153,Totodile,113,189,102,Paldea,127,102,16,Water,Normal
154,Croconaw,46,182,121,Hoenn,172,158,84,Normal,Ice
155,Feraligatr,27,171,214,Alola,45,87,223,Dragon,DNE
156,Sentret,16,166,121,Kanto,119,113,62,Poison,DNE
157,Furret,139,224,160,Kanto,116,58,157,Steel,Electric
158,Hoothoot,112,106,158,Hoenn,68,16,68,Fire,Steel
159,Noctowl,242,253,248,Johto,227,27,47,Water,Electric
160,Ledyba,160,81,40,Kalos,58,89,96,Fire,Flying
161,Ledian,143,201,17,Sinnoh,233,179,49,Electric,Water
162,Spinarak,163,99,216,Johto,203,57,91,Fire,Fighting
163,Ariados,168,44,174,Sinnoh,231,104,91,Steel,Ghost
164,Crobat,63,189,98,Kanto,241,163,45,Flying,Fairy
165,Chinchou,164,106,31,Galar,41,66,166,Rock,Bug
166,Lanturn,25,63,129,Johto,157,54,219,Flying,Steel
167,Pichu,246,250,214,Unova,212,217,161,Grass,Ghost
168,Cleffa,224,177,192,Hoenn,145,197,153,Normal,Steel
169,Igglybuff,254,189,231,Kalos,118,21,139,Poison,DNE
170,Togepi,178,70,205,Kalos,213,175,30,Ghost,Psychic
171,Togetic,220,162,145,Kanto,244,154,119,Dragon,Poison
172,Natu,26,253,196,Alola,211,223,85,Water,Bug
173,Xatu,65,201,110,Kalos,55,71,149,Electric,Rock
174,Mareep,7,44,35,Alola,240,48,167,Poison,Dark
175,Flaaffy,27,130,22,Galar,246,202,94,Fighting,DNE
176,Ampharos,40,132,94,Johto,159,3,218,Poison,Flying
177,Bellossom,22,168,56,Paldea,105,231,254,Ground,Grass
178,Marill,250,244,11,Paldea,170,7,43,Poison,Bug
179,Azumarill,40,221,155,Hoenn,153,93,131,Electric,DNE
180,Sudowoodo,157,193,110,Kanto,25,23,215,Flying,Ice
181,Politoed,231,174,255,Unova,92,189,192,Steel,Water
182,Hoppip,193,125,45,Unova,142,88,212,Grass,Rock
183,Skiploom,115,112,210,Alola,157,187,71,Fairy,Bug
184,Jumpluff,253,247,88,Hoenn,93,122,144,Electric,Bug
185,Aipom,35,107,14,Paldea,48,235,129,Water,Ground
186,Sunkern,30,40,118,Paldea,236,106,128,Flying,Dark
187,Sunflora,64,129,251,Johto,222,63,189,Ghost,Electric
188,Yanma,117,220,173,Alola,96,133,189,Rock,Ice
189,Wooper,21,249,120,Sinnoh,21,44,146,Poison,Dark
190,Quagsire,34,255,116,Hoenn,7,240,128,Bug,Ghost
191,Espeon,42,58,248,Kanto,73,63,23,Bug,DNE
192,Umbreon,29,191,151,Kalos,211,196,3,Psychic,Dragon
193,Murkrow,1,236,126,Galar,170,107,246,Normal,Dragon
194,Slowking,57,219,57,Kalos,206,38,31,Bug,Rock
195,Misdreavus,22,193,11,Kalos,206,219,151,Fighting,DNE
196,Unown,157,9,86,Kanto,249,50,100,Normal,Flying
197,Wobbuffet,217,137,63,Paldea,77,74,35,Ghost,Ice
198,Girafarig,189,210,163,Kalos,190,208,240,Rock,Dragon
199,Pineco,68,81,108,Galar,82,169,170,Rock,Dragon
200,Forretress,50,73,215,Unova,3,221,95,Bug,Electric
201,Dunsparce,8,92,184,Hoenn,65,216,220,Rock,Grass
202,Gligar,96,8,122,Johto,59,240,226,Ground,Flying
203,Steelix,132,93,55,Hoenn,163,188,105,Fighting,DNE
204,Snubbull,228,103,11,Sinnoh,249,87,63,Grass,DNE
205,Granbull,56,161,13,Alola,155,68,65,Steel,Dragon
206,Qwilfish,15,143,29,Paldea,232,182,167,Psychic,Bug
207,Scizor,142,213,141,Alola,135,35,222,Fighting,Normal
208,Shuckle,102,187,252,Johto,102,117,246,Bug,Psychic
209,Heracross,149,159,111,Alola,220,114,92,Ghost,DNE
210,Sneasel,167,234,132,Paldea,69,133,40,Fairy,Grass
211,Teddiursa,23,165,165,Alola,5,162,250,Dark,Fire
212,Ursaring,86,155,174,Alola,174,247,58,Fighting,DNE
213,Slugma,66,70,140,Galar,154,131,139,Ground,Normal
214,Magcargo,104,145,256,Sinnoh,155,94,127,Ice,Poison
215,Swinub,178,199,203,Sinnoh,141,185,25,Ground,DNE
216,Piloswine,208,10,255,Sinnoh,249,6,51,Dragon,Ghost
217,Corsola,47,172,126,Hoenn,139,58,152,Fire,Rock
218,Remoraid,179,33,112,Johto,230,135,213,Steel,DNE
219,Octillery,129,1,37,Paldea,246,154,22,Psychic,Ghost
220,Delibird,227,240,233,Galar,173,98,99,Dragon,Fairy
221,Mantine,42,202,99,Galar,90,132,154,Ghost,DNE
222,Skarmory,94,145,215,Paldea,243,158,208,Ghost,Fire
223,Houndour,112,119,227,Galar,202,84,8,Flying,Psychic
224,Houndoom,124,124,119,Unova,69,79,167,Dragon,Psychic
225,Kingdra,254,42,135,Paldea,127,85,147,Poison,Rock
226,Phanpy,150,168,116,Johto,186,95,33,Fire,Flying
227,Donphan,183,241,92,Unova,188,145,177,Fire,Ice
228,Porygon2,93,17,103,Paldea,254,7,202,Ground,DNE
229,Stantler,196,170,91,Unova,218,80,19,Rock,Ground
230,Smeargle,135,72,145,Unova,239,59,105,Water,Dragon
231,Tyrogue,147,222,181,Paldea,113,181,85,Poison,Bug
232,Hitmontop,92,115,183,Galar,149,249,41,Steel,DNE
233,Smoochum,36,37,21,Sinnoh,130,75,161,Ghost,DNE
234,Elekid,144,171,225,Galar,179,200,140,Electric,Poison
235,Magby,233,90,128,Kalos,54,54,17,Dragon,Psychic
236,Miltank,5,240,69,Unova,231,141,25,Water,Rock
237,Blissey,211,202,32,Kanto,184,26,159,Bug,Water
238,Raikou,230,217,86,Johto,137,43,223,Fire,Psychic
239,Entei,205,72,96,Kanto,168,126,16,Rock,DNE
240,Suicune,239,2,9,Paldea,115,81,184,Rock,Fighting
241,Larvitar,69,141,100,Kanto,127,122,22,Bug,Fire
242,Pupitar,76,101,56,Sinnoh,169,17,3,Electric,Normal
243,Tyranitar,43,208,174,Hoenn,238,219,186,Bug,Fighting
244,Lugia,210,69,12,Paldea,189,142,80,Rock,Fire
245,Ho-oh,198,251,135,Sinnoh,251,65,64,Fairy,Grass
246,Celebi,248,211,25,Paldea,255,199,154,Ghost,Grass
247,Treecko,51,192,42,Alola,99,238,191,Grass,Fire
248,Grovyle,182,123,83,Hoenn,250,212,3,Electric,Steel
249,Sceptile,216,97,23,Kanto,152,235,152,Poison,DNE
250,Torchic,159,13,219,Kalos,19,153,44,Water,DNE
251,Combusken,158,152,87,Unova,97,131,14,Flying,Dragon
252,Blaziken,232,137,227,Galar,249,116,230,Rock,Grass
253,Mudkip,248,180,155,Sinnoh,67,190,219,Bug,Dragon
254,Marshtomp,129,123,161,Unova,232,240,205,Water,Fighting
255,Swampert,83,255,110,Unova,245,74,107,Bug,Poison
256,Poochyena,101,55,214,Alola,147,1,112,Ground,Poison
257,Mightyena,185,110,66,Kanto,135,180,168,Electric,DNE
258,Zigzagoon,173,193,163,Galar,137,84,64,Bug,Dragon
259,Linoone,84,241,162,Kalos,54,40,115,Electric,Bug
260,Wurmple,256,53,162,Sinnoh,58,198,78,Flying,DNE
261,Silcoon,74,241,8,Sinnoh,140,94,180,Fire,Bug
262,Beautifly,5,141,163,Alola,42,13,194,Fighting,Bug
263,Cascoon,213,29,119,Paldea,101,235,204,Grass,Water
264,Dustox,101,44,94,Paldea,67,69,128,Poison,Water
265,Lotad,173,143,173,Kalos,69,106,256,Dark,DNE
266,Lombre,185,44,150,Unova,229,120,246,Ghost,Flying
267,Ludicolo,62,156,205,Hoenn,84,127,146,Flying,DNE
268,Seedot,244,226,88,Hoenn,13,153,204,Psychic,Fire
269,Nuzleaf,134,45,81,Alola,256,181,124,Grass,DNE
270,Shiftry,6,67,124,Galar,212,156,190,Psychic,DNE
271,Taillow,236,57,161,Galar,169,64,71,Bug,Electric
272,Swellow,141,41,120,Galar,130,124,5,Ghost,Dark
273,Wingull,165,152,29,Galar,92,28,25,Dragon,DNE
274,Pelipper,157,170,122,Kanto,172,56,79,Ground,Dark
275,Ralts,254,88,55,Kalos,226,142,255,Fire,Rock
276,Kirlia,17,141,167,Unova,99,72,2,Fighting,Poison
277,Gardevoir,100,15,206,Galar,158,150,236,Flying,DNE
278,Surskit,61,106,33,Paldea,94,142,178,Fighting,DNE
279,Masquerain,97,200,118,Sinnoh,68,121,43,Dragon,Fighting
280,Shroomish,50,242,19,Unova,242,42,145,Steel,DNE
281,Breloom,127,67,133,Johto,250,228,45,Electric,Bug
282,Slakoth,11,163,189,Alola,33,154,12,Psychic,Bug
283,Vigoroth,70,37,152,Alola,17,136,192,Grass,DNE
284,Slaking,104,96,42,Hoenn,112,217,218,Fairy,Poison
285,Nincada,127,39,58,Alola,85,196,70,Ice,Rock
286,Ninjask,103,17,140,Sinnoh,148,194,90,Fire,Fairy
287,Shedinja,57,219,52,Unova,225,22,187,Flying,Dragon
288,Whismur,205,201,104,Galar,3,47,176,Ghost,Bug
289,Loudred,8,106,112,Galar,148,53,114,Dragon,Psychic
290,Exploud,256,91,133,Galar,82,252,183,Rock,Steel
291,Makuhita,119,100,176,Kalos,69,152,42,Ice,Rock
292,Hariyama,100,194,225,Galar,77,177,94,Fighting,Bug
293,Azurill,194,28,133,Johto,165,63,222,Dragon,DNE
294,Nosepass,98,73,50,Kanto,234,217,227,Steel,Water
295,Skitty,22,21,243,Hoenn,44,216,76,Ground,Fighting
296,Delcatty,191,181,207,Galar,208,119,8,Fire,Fighting
297,Sableye,16,2,185,Unova,209,18,118,Fairy,Fighting
298,Mawile,240,106,209,Hoenn,197,152,6,Normal,Psychic
299,Aron,35,251,197,Galar,67,19,75,Psychic,Dark
300,Lairon,98,138,61,Galar,223,208,172,Poison,DNE
301,Aggron,93,244,48,Unova,81,210,237,Normal,Fighting
302,Meditite,238,156,65,Sinnoh,196,101,6,Dark,Poison
303,Medicham,242,61,37,Johto,132,174,191,Electric,DNE
304,Electrike,135,84,193,Kanto,75,114,9,Fire,DNE
305,Manectric,67,254,31,Unova,39,169,85,Poison,DNE
306,Plusle,1,103,163,Alola,226,106,256,Ice,Bug
307,Minun,45,145,18,Kalos,159,30,59,Bug,Dark
308,Volbeat,157,244,115,Kalos,70,220,26,Psychic,Dragon
309,Illumise,21,80,128,Alola,194,135,238,Electric,Ice
310,Roselia,128,113,154,Hoenn,24,3,204,Ghost,Normal
311,Gulpin,83,19,107,Hoenn,232,213,243,Poison,Dark
312,Swalot,20,126,194,Unova,116,66,5,Poison,Grass
313,Carvanha,142,39,38,Paldea,25,94,16,Ice,DNE
314,Sharpedo,88,84,83,Kalos,155,101,51,Electric,DNE
315,Wailmer,193,30,231,Kanto,136,111,128,Poison,Ground
316,Wailord,145,71,69,Galar,184,86,193,Steel,Dragon
317,Numel,234,169,20,Galar,118,87,57,Psychic,Steel
318,Camerupt,143,128,74,Kalos,243,156,96,Bug,Poison
319,Torkoal,185,250,200,Kanto,134,38,92,Grass,Fighting
320,Spoink,189,61,94,Kalos,28,22,91,Fairy,DNE
321,Grumpig,160,118,38,Hoenn,77,62,206,Normal,DNE
322,Spinda,4,176,182,Kalos,173,133,196,Grass,Fire
323,Trapinch,55,93,38,Sinnoh,203,22,242,Grass,Dark
324,Vibrava,164,4,145,Kalos,45,99,31,Fairy,Ice
325,Flygon,3,145,208,Galar,106,190,35,Ice,DNE
326,Cacnea,54,203,53,Alola,178,120,193,Psychic,Flying
327,Cacturne,67,41,15,Paldea,139,203,215,Ghost,Electric
328,Swablu,74,217,169,Galar,108,248,202,Fire,Flying
329,Altaria,135,64,4,Galar,59,209,1,Poison,Grass
330,Zangoose,107,129,169,Kalos,123,80,12,Dark,DNE
331,Seviper,250,40,123,Hoenn,9,31,221,Fairy,Ground
332,Lunatone,88,209,161,Paldea,144,11,145,Ground,DNE
333,Solrock,226,255,61,Sinnoh,242,77,207,Ghost,Normal
334,Barboach,40,67,16,Hoenn,19,164,164,Steel,DNE
335,Whiscash,240,78,38,Paldea,65,118,121,Fairy,Ice
336,Corphish,65,38,103,Galar,20,30,93,Rock,Dark
337,Crawdaunt,166,83,220,Sinnoh,244,143,210,Water,Rock
338,Baltoy,178,226,113,Alola,238,154,169,Fighting,DNE
339,Claydol,152,81,104,Alola,23,109,31,Fire,Ice
340,Lileep,61,65,146,Johto,182,212,95,Fighting,Normal
341,Cradily,17,247,124,Kalos,59,82,73,Ghost,Steel
342,Anorith,125,216,240,Paldea,111,239,235,Rock,Ice
343,Armaldo,70,136,176,Hoenn,229,236,89,Electric,Fairy
344,Feebas,12,140,189,Sinnoh,184,97,108,Psychic,Normal
345,Milotic,150,47,50,Hoenn,211,129,99,Rock,Dragon
346,Castform,113,238,229,Unova,65,222,138,Water,DNE
347,Kecleon,125,83,109,Galar,238,204,189,Fighting,Ghost
348,Shuppet,123,102,61,Alola,208,242,37,Ground,Psychic
349,Banette,95,234,195,Sinnoh,15,25,250,Dragon,Steel
350,Duskull,176,184,128,Paldea,58,157,70,Fire,DNE
351,Dusclops,162,31,152,Kanto,76,6,168,Bug,Fairy
352,Tropius,185,121,204,Kalos,182,79,127,Water,Ice
353,Chimecho,215,211,147,Alola,216,36,24,Psychic,DNE
354,Absol,108,70,36,Hoenn,21,20,104,Bug,DNE
355,Wynaut,135,230,75,Hoenn,191,38,102,Fighting,Electric
356,Snorunt,191,13,181,Kalos,123,237,29,Bug,Ground
357,Glalie,188,210,243,Kalos,85,241,1,Ghost,Ice
358,Spheal,95,84,83,Hoenn,256,125,219,Rock,Fire
359,Sealeo,14,38,207,Alola,59,131,147,Ice,Water
360,Walrein,47,206,228,Alola,189,21,100,Electric,Rock
361,Clamperl,174,219,44,Sinnoh,36,87,77,Flying,Water
362,Huntail,180,130,248,Paldea,105,169,239,Grass,Bug
363,Gorebyss,4,50,132,Kanto,165,157,68,Ghost,Poison
364,Relicanth,81,107,97,Galar,207,236,16,Fairy,Grass
365,Luvdisc,230,12,145,Kalos,228,162,15,Ice,Water
366,Bagon,181,93,211,Kanto,247,225,67,Dragon,DNE
367,Shelgon,65,4,46,Johto,211,223,97,Ice,DNE
368,Salamence,1,115,24,Paldea,9,234,205,Dragon,Flying
369,Beldum,101,126,149,Hoenn,78,119,153,Flying,Ice
370,Metang,229,151,22,Unova,198,127,123,Steel,Fire
371,Metagross,176,243,147,Sinnoh,101,8,111,Fairy,Grass
372,Regirock,63,39,164,Paldea,1,47,23,Flying,Water
373,Regice,23,97,100,Paldea,228,162,41,Ground,Dark
374,Registeel,240,131,74,Galar,72,120,15,Psychic,Fairy
375,Latias,117,124,114,Sinnoh,56,127,46,Bug,Ice
376,Latios,45,31,120,Unova,10,156,250,Dragon,DNE
377,Kyogre,71,189,3,Paldea,243,23,155,Psychic,DNE
378,Groudon,171,46,66,Kanto,134,111,249,Water,Bug
379,Rayquaza,138,62,102,Kalos,207,41,111,Water,Ice
380,Jirachi,36,58,178,Galar,170,124,77,Rock,Flying
381,Deoxys,170,184,180,Paldea,130,24,250,Fighting,Ground
382,Turtwig,4,180,99,Hoenn,81,172,83,Fire,Water
383,Grotle,81,74,96,Kalos,151,201,103,Flying,Normal
384,Torterra,93,87,77,Kanto,240,44,97,Electric,Dark
385,Chimchar,131,27,18,Kanto,188,19,89,Steel,DNE
386,Monferno,128,219,174,Alola,220,116,19,Psychic,Grass
387,Infernape,49,45,229,Unova,119,31,203,Normal,Flying
388,Piplup,120,102,210,Kanto,49,197,213,Fighting,Psychic
389,Prinplup,193,213,51,Hoenn,79,187,60,Poison,Bug
390,Empoleon,126,148,110,Unova,19,120,34,Water,Normal
391,Starly,30,175,169,Hoenn,59,41,137,Normal,Flying
392,Staravia,222,112,30,Paldea,106,221,153,Bug,Dragon
393,Staraptor,137,183,62,Galar,15,49,160,Dragon,Dark
394,Bidoof,187,136,89,Paldea,129,211,48,Grass,DNE
395,Bibarel,169,48,73,Alola,171,188,137,Dragon,Fairy
396,Kricketot,40,73,182,Kalos,244,156,90,Fairy,DNE
397,Kricketune,190,224,180,Sinnoh,59,185,122,Rock,Electric
398,Shinx,180,199,59,Alola,85,62,88,Fairy,Ghost
399,Luxio,8,12,45,Johto,204,74,27,Dark,Water
400,Luxray,256,166,135,Sinnoh,15,28,244,Fire,Water
401,Budew,189,166,73,Kanto,247,68,130,Fighting,Electric
402,Roserade,88,213,166,Johto,237,231,105,Electric,Ice
403,Cranidos,62,79,255,Hoenn,181,94,107,Ghost,DNE
404,Rampardos,218,94,99,Kanto,26,91,7,Rock,Ice
405,Shieldon,140,34,72,Unova,23,117,197,Water,Fighting
406,Bastiodon,139,83,98,Alola,122,226,120,Ice,Ground
407,Burmy,218,186,202,Kanto,13,225,37,Electric,Steel
408,Wormadam,27,221,31,Johto,29,199,215,Dark,Ghost
409,Mothim,145,246,16,Sinnoh,64,213,238,Fire,Steel
410,Combee,87,190,165,Sinnoh,77,200,3,Psychic,Steel
411,Vespiquen,155,168,68,Hoenn,176,197,120,Dragon,Ice
412,Pachirisu,202,32,43,Kalos,163,146,226,Dark,Flying
413,Buizel,86,133,136,Kanto,64,65,209,Psychic,DNE
414,Floatzel,69,114,174,Kalos,191,61,107,Poison,Grass
415,Cherubi,60,199,165,Paldea,240,252,61,Grass,Ghost
416,Cherrim,205,245,17,Kalos,231,239,10,Dragon,Normal
417,Shellos,25,251,28,Galar,13,125,31,Dragon,Fighting
418,Gastrodon,205,70,250,Johto,205,116,256,Fairy,DNE
419,Ambipom,6,221,141,Galar,121,25,54,Bug,Water
420,Drifloon,74,166,154,Paldea,154,114,72,Rock,Ice
421,Drifblim,222,177,61,Sinnoh,52,13,17,Grass,Poison
422,Buneary,169,156,167,Kanto,102,115,34,Bug,Poison
423,Lopunny,140,187,237,Johto,118,217,256,Fairy,Fire
424,Mismagius,89,161,55,Paldea,207,84,22,Grass,DNE
425,Honchkrow,133,126,256,Sinnoh,41,164,61,Water,Ghost
426,Glameow,207,3,29,Johto,33,239,189,Steel,Ice
427,Purugly,53,237,178,Unova,143,36,81,Ice,Fighting
428,Chingling,7,9,43,Kalos,34,13,47,Fire,DNE
429,Stunky,24,195,60,Alola,116,255,116,Poison,Electric
430,Skuntank,211,9,243,Galar,224,252,42,Ground,Flying
431,Bronzor,101,93,122,Kalos,245,217,33,Fairy,Ice
432,Bronzong,142,116,103,Paldea,27,166,17,Fighting,DNE
433,Bonsly,126,93,63,Sinnoh,89,126,16,Flying,DNE
434,Happiny,150,129,221,Sinnoh,157,36,92,Normal,DNE
435,Chatot,221,249,100,Galar,86,19,52,Fairy,Poison
436,Spiritomb,161,117,141,Kanto,206,117,175,Bug,DNE
437,Gible,63,100,30,Paldea,177,111,230,Poison,Psychic
438,Gabite,188,40,30,Unova,25,220,52,Steel,Normal
439,Garchomp,202,130,79,Galar,157,4,2,Ground,Flying
440,Munchlax,250,86,165,Unova,169,148,39,Ghost,DNE
441,Riolu,197,196,173,Kanto,178,148,158,Rock,Dark
442,Lucario,114,195,84,Hoenn,113,8,184,Electric,DNE
443,Hippopotas,122,6,249,Unova,107,35,159,Rock,Fairy
444,Hippowdon,73,212,129,Kalos,145,194,103,Fighting,DNE
445,Skorupi,56,103,255,Alola,89,178,120,Water,Poison
446,Drapion,49,44,185,Johto,165,144,175,Ghost,Grass
447,Croagunk,36,25,58,Hoenn,74,219,171,Ground,DNE
448,Toxicroak,227,53,167,Sinnoh,134,240,239,Fire,DNE
449,Carnivine,160,5,238,Alola,101,10,147,Steel,Fire
450,Finneon,82,125,78,Sinnoh,64,43,136,Fighting,Ghost
451,Lumineon,106,1,139,Unova,236,191,190,Dragon,Steel
452,Mantyke,26,174,155,Paldea,40,186,128,Bug,Normal
453,Snover,80,84,208,Johto,227,141,221,Fairy,Ground
454,Abomasnow,158,231,240,Kanto,249,73,33,Steel,Psychic
455,Weavile,1,14,217,Galar,52,83,256,Dragon,Psychic
456,Magnezone,20,207,7,Sinnoh,71,172,179,Ground,Electric
457,Lickilicky,93,147,115,Johto,107,137,92,Rock,Ghost
458,Rhyperior,148,161,67,Hoenn,192,84,141,Electric,Poison
459,Tangrowth,229,255,84,Kanto,207,232,159,Poison,Water
460,Electivire,222,197,70,Kalos,63,225,48,Ground,Water
461,Magmortar,210,14,49,Unova,155,17,12,Electric,Steel
462,Togekiss,85,166,3,Unova,183,194,150,Electric,Psychic
463,Yanmega,56,146,11,Paldea,225,255,185,Rock,DNE
464,Leafeon,203,121,43,Paldea,204,213,209,Flying,Fairy
465,Glaceon,24,166,131,Kanto,65,235,19,Flying,Poison
466,Gliscor,30,246,181,Johto,40,154,188,Dark,DNE
467,Mamoswine,49,171,43,Kanto,168,226,255,Steel,Psychic
468,Porygon-Z,68,64,94,Kanto,110,141,151,Fire,Bug
469,Gallade,194,105,189,Hoenn,214,242,92,Flying,Ice
470,Probopass,35,176,139,Kalos,142,128,105,Flying,Dark
471,Dusknoir,81,243,206,Unova,129,50,89,Poison,DNE
472,Froslass,128,82,3,Kalos,250,256,176,Ghost,DNE
473,Rotom,3,23,94,Alola,192,192,208,Psychic,Electric
474,Uxie,72,249,108,Kalos,33,243,219,Fairy,DNE
475,Mesprit,201,27,12,Paldea,175,169,220,Steel,Psychic
476,Azelf,129,244,99,Johto,58,254,14,Fairy,DNE
477,Dialga,154,7,150,Paldea,253,107,39,Ice,Fairy
478,Palkia,75,26,44,Johto,141,222,141,Fairy,DNE
479,Heatran,118,92,16,Johto,4,111,38,Fighting,Dark
480,Regigigas,74,54,19,Kanto,46,64,30,Water,Ghost
481,Giratina,58,7,221,Unova,209,243,203,Fire,Normal
482,Cresselia,184,72,50,Unova,104,22,39,Ground,Normal
483,Phione,90,10,90,Kanto,250,239,142,Fairy,Ghost
484,Manaphy,198,214,168,Unova,238,145,245,Rock,Ground
485,Darkrai,222,94,175,Sinnoh,193,215,174,Psychic,Water
486,Shaymin,252,101,159,Kanto,163,9,125,Fighting,Dark
487,Arceus,175,47,102,Kalos,207,120,8,Fairy,DNE
488,Victini,106,25,169,Kalos,244,190,12,Fighting,DNE
489,Snivy,226,119,244,Kalos,255,226,207,Normal,Psychic
490,Servine,9,130,191,Alola,36,22,185,Ground,Ghost
491,Serperior,91,173,211,Johto,146,137,34,Poison,Psychic
492,Tepig,64,119,60,Hoenn,145,142,175,Dark,Steel
493,Pignite,250,206,201,Paldea,120,230,141,Steel,Ground
494,Emboar,29,167,253,Galar,158,64,94,Flying,Fire
495,Oshawott,241,13,44,Kanto,89,104,241,Ghost,Electric
496,Dewott,76,108,211,Sinnoh,197,175,114,Flying,Rock
497,Samurott,87,102,244,Kanto,77,221,24,Normal,DNE
498,Patrat,174,98,188,Unova,190,150,236,Steel,Bug
499,Watchog,241,101,53,Johto,250,149,31,Fairy,Poison
500,Lillipup,55,46,77,Unova,193,44,208,Water,DNE
501,Herdier,52,216,119,Kanto,31,160,49,Water,Electric
502,Stoutland,93,147,157,Unova,153,103,67,Fairy,DNE
503,Purrloin,194,47,53,Kalos,103,144,231,Grass,Ice
504,Liepard,247,96,23,Kanto,131,154,227,Fairy,Dark
505,Pansage,29,14,243,Galar,4,166,97,Flying,DNE
506,Simisage,230,30,27,Johto,148,111,52,Ice,DNE
507,Pansear,23,129,217,Johto,193,14,14,Fairy,Grass
508,Simisear,215,248,150,Kalos,176,57,20,Steel,Grass
509,Panpour,92,87,230,Sinnoh,93,30,170,Fire,Ghost
510,Simipour,161,128,91,Alola,100,191,73,Ice,Fire
511,Munna,247,127,88,Hoenn,84,142,193,Ghost,Fighting
512,Musharna,63,71,226,Johto,236,159,1,Grass,Ice
513,Pidove,47,166,163,Kalos,166,54,103,Grass,Flying
514,Tranquill,185,43,90,Kalos,116,207,125,Psychic,Water
515,Unfezant,76,3,225,Unova,195,168,119,Ground,Poison
516,Blitzle,100,92,251,Kanto,105,92,183,Steel,Ground
517,Zebstrika,190,51,20,Kanto,83,91,6,Ground,DNE
518,Roggenrola,64,244,231,Paldea,148,109,10,Dark,DNE
519,Boldore,161,194,53,Alola,231,149,170,Normal,Grass
520,Gigalith,166,167,122,Galar,67,192,77,Water,Ice
521,Woobat,22,111,19,Paldea,188,211,153,Electric,Bug
522,Swoobat,23,14,76,Kanto,7,93,103,Electric,Ghost
523,Drilbur,221,34,224,Alola,107,23,99,Ghost,Rock
524,Excadrill,125,183,67,Kalos,56,12,205,Fire,Psychic
525,Audino,78,94,34,Paldea,243,218,74,Poison,Steel
526,Timburr,135,35,147,Kanto,209,240,157,Ghost,DNE
527,Gurdurr,121,160,219,Johto,222,228,183,Psychic,DNE
528,Conkeldurr,116,208,181,Galar,105,96,227,Rock,Poison
529,Tympole,24,67,199,Kanto,173,105,80,Normal,Poison
530,Palpitoad,138,135,41,Kanto,170,252,44,Dragon,DNE
531,Seismitoad,96,244,58,Sinnoh,129,223,207,Fairy,Rock
532,Throh,170,170,120,Sinnoh,43,77,203,Normal,Dark
533,Sawk,36,124,195,Kalos,118,66,189,Psychic,Ghost
534,Sewaddle,12,230,152,Galar,160,30,59,Steel,DNE
535,Swadloon,20,200,36,Kanto,9,167,91,Flying,Fighting
536,Leavanny,227,82,10,Paldea,59,246,98,Dark,Ice
537,Venipede,246,252,45,Sinnoh,160,100,175,Fairy,Normal
538,Whirlipede,193,45,2,Unova,157,7,27,Dragon,Fighting
539,Scolipede,16,14,160,Kanto,225,39,225,Ground,DNE
540,Cottonee,29,55,97,Unova,217,18,162,Dark,DNE
541,Whimsicott,1,95,173,Kalos,86,219,169,Normal,Ground
542,Petilil,66,227,49,Kanto,159,87,152,Flying,Psychic
543,Lilligant,115,67,121,Johto,241,46,93,Steel,DNE
544,Basculin,175,92,58,Kalos,14,176,108,Grass,DNE
545,Sandile,64,188,60,Galar,140,43,148,Ice,Flying
546,Krokorok,100,166,32,Kanto,218,114,82,Water,Ghost
547,Krookodile,57,39,220,Alola,143,187,247,Ice,DNE
548,Darumaka,207,114,204,Kalos,99,112,139,Fairy,Steel
549,Darmanitan,216,5,216,Alola,39,84,125,Poison,Rock
550,Maractus,68,198,202,Johto,207,199,112,Normal,Fairy
551,Dwebble,43,50,206,Unova,216,183,187,Bug,Fighting
552,Crustle,8,213,140,Hoenn,55,43,250,Poison,Flying
553,Scraggy,163,87,78,Unova,217,128,128,Electric,Ice
554,Scrafty,204,249,24,Paldea,104,157,240,Fire,Psychic
555,Sigilyph,89,151,178,Galar,184,140,195,Dark,Psychic
556,Yamask,217,71,114,Alola,35,41,141,Grass,Fairy
557,Cofagrigus,226,58,181,Galar,4,198,182,Bug,Fighting
558,Tirtouga,73,24,113,Galar,190,90,41,Poison,Dark
559,Carracosta,69,133,226,Sinnoh,217,128,11,Psychic,DNE
560,Archen,63,229,155,Hoenn,158,192,169,Water,Fighting
561,Archeops,24,178,110,Kalos,81,136,225,Fighting,Normal
562,Trubbish,15,154,104,Hoenn,121,100,96,Electric,Dragon
563,Garbodor,92,165,56,Unova,48,167,124,Fire,Ice
564,Zorua,150,124,198,Paldea,138,112,199,Ground,Rock
565,Zoroark,137,157,40,Kalos,193,113,130,Fairy,Grass
566,Minccino,92,236,205,Sinnoh,186,42,209,Ghost,DNE
567,Cinccino,191,66,126,Unova,3,103,133,Ground,Rock
568,Gothita,128,221,159,Alola,62,254,235,Water,Fire
569,Gothorita,1,98,152,Johto,215,150,247,Grass,Poison
570,Gothitelle,179,102,203,Kanto,218,13,168,Dragon,Ground
571,Solosis,208,177,212,Paldea,207,160,153,Normal,Steel
572,Duosion,5,120,112,Alola,187,125,47,Fire,Ghost
573,Reuniclus,245,57,2,Paldea,121,218,228,Ice,Steel
574,Ducklett,146,245,86,Sinnoh,196,105,207,Ice,Electric
575,Swanna,56,156,82,Johto,157,158,100,Ice,Dark
576,Vanillite,196,89,62,Kalos,197,225,250,Flying,Ice
577,Vanillish,103,25,179,Sinnoh,222,206,16,Steel,DNE
578,Vanilluxe,68,88,75,Alola,133,88,137,Dark,Fairy
579,Deerling,129,132,93,Hoenn,87,88,223,Fighting,DNE
580,Sawsbuck,71,197,101,Paldea,6,83,157,Water,Rock
581,Emolga,237,169,184,Sinnoh,163,146,120,Grass,Rock
582,Karrablast,70,224,242,Hoenn,175,63,173,Poison,Dragon
583,Escavalier,9,82,15,Unova,159,13,69,Fighting,Psychic
584,Foongus,193,52,95,Galar,7,230,130,Flying,Dark
585,Amoonguss,247,6,254,Hoenn,6,39,220,Steel,Water
586,Frillish,117,95,85,Paldea,132,4,38,Steel,DNE
587,Jellicent,162,96,235,Alola,5,165,178,Grass,DNE
588,Alomomola,192,160,33,Alola,172,239,185,Normal,Dark
589,Joltik,194,47,245,Sinnoh,92,142,35,Dark,Dragon
590,Galvantula,64,237,161,Unova,243,234,123,Normal,Flying
591,Ferroseed,187,66,16,Paldea,9,216,71,Grass,Fairy
592,Ferrothorn,133,162,223,Johto,229,161,249,Fire,Electric
593,Klink,72,101,156,Unova,251,244,128,Flying,Ghost
594,Klang,59,52,87,Kalos,227,50,224,Psychic,Ghost
595,Klinklang,256,136,233,Paldea,17,28,246,Electric,Fighting
596,Tynamo,63,182,201,Galar,33,236,122,Steel,Fairy
597,Eelektrik,84,47,97,Sinnoh,170,56,6,Fighting,DNE
598,Eelektross,188,44,161,Kalos,134,46,136,Normal,Poison
599,Elgyem,147,36,7,Kalos,231,218,209,Electric,Steel
600,Beheeyem,217,121,104,Galar,235,71,207,Bug,Steel
601,Litwick,27,31,46,Sinnoh,37,34,159,Water,DNE
602,Lampent,15,139,175,Alola,139,63,224,Rock,Psychic
603,Chandelure,143,197,133,Unova,256,229,86,Electric,DNE
604,Axew,14,4,90,Paldea,141,183,149,Electric,Ice
605,Fraxure,163,81,248,Johto,80,19,101,Ground,Normal
606,Haxorus,200,159,156,Alola,186,172,242,Ghost,Water
607,Cubchoo,254,141,109,Unova,26,225,129,Bug,Ice
608,Beartic,196,207,187,Sinnoh,91,147,227,Water,Rock
609,Cryogonal,88,94,110,Kanto,66,216,1,Electric,DNE
610,Shelmet,4,32,97,Unova,105,176,256,Ground,DNE
611,Accelgor,113,55,169,Kanto,169,134,12,Ground,Dragon
612,Stunfisk,247,225,173,Alola,174,209,112,Steel,Water
613,Mienfoo,250,3,103,Johto,48,37,235,Ground,Water
614,Mienshao,237,55,78,Johto,113,81,186,Bug,DNE
615,Druddigon,122,91,61,Kalos,154,41,103,Steel,Ice
616,Golett,246,192,133,Paldea,1,90,225,Fire,Water
617,Golurk,203,139,17,Hoenn,152,37,16,Psychic,Ice
618,Pawniard,212,38,82,Kalos,12,168,219,Dark,Psychic
619,Bisharp,189,73,154,Johto,161,102,10,Ice,DNE
620,Bouffalant,25,223,15,Galar,12,33,217,Fire,Rock
621,Rufflet,12,92,241,Alola,29,101,131,Flying,Psychic
622,Braviary,177,141,189,Unova,88,111,99,Fighting,Fairy
623,Vullaby,53,112,82,Paldea,9,55,252,Ground,Dark
624,Mandibuzz,37,133,168,Hoenn,251,205,103,Electric,Dragon
625,Heatmor,11,207,248,Alola,133,229,73,Fire,Ghost
626,Durant,209,4,55,Kalos,90,224,187,Water,Steel
627,Deino,75,86,46,Alola,213,62,116,Ice,Poison
628,Zweilous,54,45,48,Kalos,161,25,125,Dragon,DNE
629,Hydreigon,15,124,75,Johto,37,243,27,Fairy,DNE
630,Larvesta,88,174,135,Johto,101,51,244,Bug,Ghost
631,Volcarona,146,90,14,Hoenn,115,128,64,Water,DNE
632,Cobalion,182,130,246,Paldea,146,207,39,Water,Fire
633,Terrakion,35,141,151,Kalos,157,48,30,Dark,Water
634,Virizion,140,174,146,Johto,102,53,64,Water,Bug
635,Tornadus,163,208,62,Johto,40,184,104,Fighting,DNE
636,Thundurus,164,145,111,Galar,150,134,30,Ghost,Grass
637,Reshiram,210,194,219,Paldea,57,183,1,Steel,Rock
638,Zekrom,169,214,3,Galar,75,183,208,Fighting,Ground
639,Landorus,4,230,102,Paldea,226,59,256,Bug,Electric
640,Kyurem,106,118,57,Unova,77,172,134,Normal,DNE
641,Keldeo,93,48,115,Paldea,237,146,167,Psychic,Ghost
642,Meloetta,125,13,225,Alola,127,42,79,Fire,Steel
643,Genesect,7,146,119,Kalos,219,6,5,Dark,DNE
644,Chespin,12,214,223,Johto,195,86,28,Fairy,Rock
645,Quilladin,230,120,2,Hoenn,170,22,225,Poison,DNE
646,Chesnaught,99,36,207,Alola,1,244,12,Bug,Grass
647,Fennekin,60,119,80,Kalos,48,255,235,Fire,Fighting
648,Braixen,21,21,255,Kalos,201,67,41,Grass,Electric
649,Delphox,49,79,29,Kanto,111,207,186,Flying,Water
650,Froakie,14,40,40,Unova,231,24,44,Psychic,DNE
651,Frogadier,178,44,235,Sinnoh,191,208,78,Grass,Fire
652,Greninja,91,209,238,Galar,185,189,150,Dark,DNE
653,Bunnelby,146,249,174,Galar,177,4,139,Water,Flying
654,Diggersby,30,222,11,Kanto,31,106,79,Ice,Electric
655,Fletchling,219,98,86,Hoenn,48,131,202,Ice,Dark
656,Fletchinder,10,242,149,Kalos,83,202,212,Fairy,DNE
657,Talonflame,203,232,115,Galar,215,252,163,Water,DNE
658,Scatterbug,202,56,100,Galar,32,22,67,Steel,DNE
659,Spewpa,65,207,245,Unova,82,13,225,Water,DNE
660,Vivillon,65,201,144,Galar,136,153,51,Dragon,Ground
661,Litleo,46,214,154,Johto,82,225,90,Dragon,Bug
662,Pyroar,151,238,233,Kanto,14,9,63,Water,Bug
663,Floette,181,7,156,Kalos,176,244,183,Dark,Ghost
664,Florges,224,106,79,Kanto,15,17,95,Ghost,Ice
665,Skiddo,101,6,76,Alola,85,203,54,Ghost,Dragon
666,Gogoat,11,155,206,Galar,1,127,56,Steel,Grass
667,Pancham,152,24,243,Paldea,172,96,241,Electric,DNE
668,Pangoro,131,242,181,Sinnoh,145,167,147,Poison,Normal
669,Furfrou,43,186,135,Sinnoh,84,94,161,Fire,Ground
670,Espurr,39,10,201,Sinnoh,31,38,31,Dark,DNE
671,Meowstic,45,94,39,Paldea,87,138,85,Flying,Steel
672,Honedge,101,247,51,Kalos,157,124,76,Ghost,DNE
673,Doublade,88,249,37,Paldea,111,247,116,Water,Fighting
674,Aegislash,22,91,61,Paldea,241,51,141,Fairy,Bug
675,Spritzee,68,50,72,Kalos,34,187,207,Water,Grass
676,Aromatisse,28,25,154,Sinnoh,234,132,252,Flying,Fighting
677,Swirlix,24,85,218,Alola,193,122,212,Steel,Electric
678,Slurpuff,2,210,92,Kalos,31,228,120,Fire,DNE
679,Inkay,113,247,85,Alola,68,101,121,Normal,Fairy
680,Malamar,236,62,16,Johto,216,185,246,Ice,Flying
681,Binacle,76,134,152,Alola,53,132,37,Ghost,Water
682,Barbaracle,176,248,140,Paldea,188,177,252,Electric,Ghost
683,Skrelp,204,22,146,Kanto,230,249,17,Steel,Ghost
684,Dragalge,196,21,205,Galar,23,161,92,Steel,Poison
685,Clauncher,186,197,228,Paldea,120,87,62,Steel,DNE
686,Clawitzer,41,232,147,Paldea,93,107,212,Dark,Fire
687,Helioptile,97,75,200,Kanto,212,94,56,Fighting,Rock
688,Heliolisk,147,22,109,Alola,89,231,32,Ground,Dragon
689,Tyrunt,213,154,193,Kanto,3,202,167,Ground,Water
690,Tyrantrum,14,8,236,Galar,186,26,59,Dragon,DNE
691,Amaura,120,81,94,Johto,137,203,214,Fighting,Psychic
692,Aurorus,11,196,31,Alola,167,19,88,Water,Fighting
693,Sylveon,16,140,74,Alola,40,99,131,Dragon,Ghost
694,Hawlucha,143,5,102,Johto,36,195,60,Ground,DNE
695,Dedenne,174,5,209,Galar,184,241,204,Steel,DNE
696,Carbink,167,148,145,Johto,87,184,210,Ice,Dragon
697,Goomy,236,72,204,Paldea,221,34,118,Fighting,DNE
698,Sliggoo,231,40,15,Alola,55,11,151,Ice,Electric
699,Goodra,19,131,51,Hoenn,54,61,119,Ground,Fairy
700,Klefki,243,50,132,Hoenn,188,182,224,Normal,Ice
701,Phantump,250,56,40,Unova,229,25,1,Steel,Electric
702,Trevenant,53,86,190,Kanto,244,230,146,Grass,DNE
703,Pumpkaboo,136,157,99,Unova,233,246,75,Dragon,Ice
704,Gourgeist,137,191,169,Kanto,61,17,85,Fighting,Fire
705,Bergmite,119,38,209,Galar,52,176,99,Ice,Dark
706,Avalugg,231,239,186,Paldea,36,146,129,Dragon,Poison
707,Noibat,5,35,162,Kalos,24,210,255,Flying,Steel
708,Noivern,3,145,108,Galar,109,194,130,Ghost,Water
709,Xerneas,104,19,115,Johto,86,69,186,Steel,DNE
710,Yveltal,24,9,151,Johto,254,213,184,Psychic,Normal
711,Zygarde,150,157,204,Paldea,23,180,89,Water,Ground
712,Diancie,234,108,107,Galar,231,127,21,Ground,Water
713,Hoopa,45,169,101,Sinnoh,248,196,201,Ground,Electric
714,Volcanion,219,135,214,Kalos,108,190,152,Ice,Ground
715,Rowlet,120,74,143,Galar,76,9,8,Flying,Electric
716,Dartrix,109,65,250,Unova,44,2,4,Fire,Fairy
717,Decidueye,141,24,157,Sinnoh,214,48,66,Poison,Psychic
718,Litten,99,205,95,Kalos,118,10,196,Fire,Dark
719,Torracat,13,234,64,Johto,66,209,43,Rock,Ground
720,Incineroar,220,85,90,Paldea,168,31,114,Dark,Normal
721,Popplio,6,105,184,Hoenn,83,192,194,Water,DNE
722,Brionne,53,159,189,Unova,143,58,104,Rock,Grass
723,Primarina,70,245,174,Johto,162,160,239,Grass,Normal
724,Pikipek,242,43,38,Sinnoh,12,36,46,Psychic,Normal
725,Trumbeak,131,112,212,Sinnoh,170,160,147,Flying,Rock
726,Toucannon,103,39,2,Paldea,256,161,101,Rock,Water
727,Yungoos,218,133,125,Hoenn,24,157,144,Dark,Ice
728,Gumshoos,184,245,120,Paldea,17,190,197,Dark,Ghost
729,Grubbin,2,158,210,Galar,214,79,21,Flying,Ground
730,Charjabug,144,90,161,Paldea,230,183,35,Ground,DNE
731,Vikavolt,57,103,79,Kalos,124,227,238,Ground,Dark
732,Crabrawler,8,155,31,Unova,143,40,78,Flying,Water
733,Crabominable,171,25,195,Alola,246,179,183,Grass,Ice
734,Oricorio,125,61,21,Galar,138,102,45,Dragon,Dark
735,Cutiefly,159,164,19,Kalos,90,57,238,Fighting,DNE
736,Ribombee,28,105,80,Hoenn,202,150,231,Rock,Flying
737,Rockruff,174,7,90,Kanto,233,195,114,Steel,DNE
738,Lycanroc,61,108,158,Johto,171,231,87,Water,Ghost
739,Wishiwashi,153,223,157,Kalos,252,243,41,Bug,DNE
740,Mareanie,18,225,181,Kalos,57,246,163,Dark,Steel
741,Toxapex,216,78,176,Unova,61,22,239,Poison,Ice
742,Mudbray,134,109,98,Unova,254,45,75,Fire,Water
743,Mudsdale,233,78,195,Hoenn,81,250,115,Fairy,Poison
744,Dewpider,136,193,100,Unova,16,51,209,Flying,Poison
745,Araquanid,59,216,75,Galar,189,204,126,Grass,Fire
746,Fomantis,137,143,60,Paldea,47,18,203,Ice,Fighting
747,Lurantis,54,46,156,Kanto,178,197,88,Fairy,DNE
748,Morelull,108,79,50,Sinnoh,191,46,135,Poison,Fighting
749,Shiinotic,255,44,86,Johto,24,175,43,Grass,Ground
750,Salandit,7,187,49,Sinnoh,104,36,145,Bug,Water
751,Salazzle,176,105,172,Kanto,106,197,147,Ice,Ghost
752,Stufful,113,53,45,Unova,127,188,243,Dragon,Grass
753,Bewear,137,172,18,Paldea,95,194,217,Steel,Dragon
754,Bounsweet,195,26,247,Sinnoh,96,236,216,Ice,Electric
755,Steenee,128,215,38,Kanto,19,148,11,Grass,Fairy
756,Tsareena,4,206,237,Paldea,87,43,101,Fire,Flying
757,Comfey,234,115,9,Galar,189,111,228,Ghost,Poison
758,Oranguru,177,27,44,Hoenn,183,113,74,Poison,Bug
759,Passimian,172,240,151,Unova,194,218,105,Ground,Dragon
760,Wimpod,145,148,80,Galar,75,204,170,Fairy,Electric
761,Golisopod,23,76,154,Hoenn,193,95,92,Fire,DNE
762,Sandygast,197,104,136,Sinnoh,137,109,137,Bug,Fairy
763,Palossand,228,80,195,Sinnoh,69,218,190,Normal,Ghost
764,Pyukumuku,253,3,191,Unova,157,243,49,Ice,DNE
765,Silvally,142,6,28,Alola,161,218,169,Poison,Ghost
766,Minior,99,43,52,Sinnoh,119,10,78,Bug,Normal
767,Komala,235,209,127,Paldea,103,152,84,Fire,Normal
768,Turtonator,24,50,252,Johto,235,235,107,Dark,Ghost
769,Togedemaru,202,237,216,Kanto,194,195,160,Flying,Dark
770,Mimikyu,153,166,185,Hoenn,199,135,255,Dragon,Poison
771,Bruxish,46,203,126,Paldea,69,77,61,Ice,DNE
772,Drampa,86,154,236,Kanto,84,218,12,Grass,Steel
773,Dhelmise,241,43,187,Unova,25,233,140,Dark,Flying
774,Jangmo-o,94,239,106,Hoenn,64,145,127,Ice,Fairy
775,Hakamo-o,216,143,221,Kalos,138,57,64,Bug,Normal
776,Kommo-o,183,5,122,Johto,82,230,229,Grass,Fighting
777,Cosmog,83,106,99,Sinnoh,245,62,196,Normal,Fire
778,Cosmoem,229,70,107,Johto,225,63,240,Flying,Poison
779,Solgaleo,213,133,248,Johto,111,73,37,Grass,DNE
780,Lunala,214,28,203,Kanto,80,173,73,Ice,DNE
781,Nihilego,232,149,205,Galar,205,102,210,Psychic,Fairy
782,Buzzwole,206,6,87,Sinnoh,69,2,10,Fairy,Rock
783,Pheromosa,206,112,191,Johto,119,12,58,Ground,Grass
784,Xurkitree,165,99,21,Paldea,110,11,25,Rock,Ice
785,Celesteela,181,142,50,Johto,176,180,146,Steel,DNE
786,Kartana,192,123,214,Unova,98,189,132,Fairy,Psychic
787,Guzzlord,71,85,5,Kanto,13,64,35,Fairy,DNE
788,Necrozma,133,148,60,Unova,247,9,110,Dragon,DNE
789,Magearna,12,149,124,Johto,21,149,96,Dragon,Poison
790,Marshadow,203,230,245,Johto,175,123,200,Electric,DNE
791,Poipole,60,165,7,Hoenn,39,59,22,Fairy,Fire
792,Naganadel,197,209,105,Kalos,236,161,193,Psychic,Fairy
793,Stakataka,12,174,221,Galar,224,47,96,Normal,Dark
794,Blacephalon,127,24,109,Alola,229,9,96,Grass,Fighting
795,Zeraora,62,134,223,Galar,10,255,60,Grass,Rock
796,Meltan,208,251,254,Unova,11,247,135,Rock,Flying
797,Melmetal,186,108,146,Alola,129,21,34,Ground,DNE
798,Grookey,234,251,150,Johto,123,117,16,Fairy,Ice
799,Thwackey,205,119,46,Johto,239,228,98,Electric,Dragon
800,Rillaboom,189,118,171,Unova,145,42,118,Fairy,Flying
801,Scorbunny,33,154,80,Sinnoh,121,198,22,Poison,Electric
802,Raboot,121,162,256,Johto,59,194,132,Ghost,Water
803,Cinderace,123,169,60,Kalos,133,246,219,Psychic,DNE
804,Sobble,110,106,156,Johto,15,236,162,Fire,DNE
805,Drizzile,234,201,157,Unova,249,145,12,Ground,Dark
806,Inteleon,93,109,178,Paldea,189,143,229,Flying,DNE
807,Skwovet,122,215,40,Kanto,36,199,152,Fire,Normal
808,Greedent,122,51,231,Paldea,246,151,229,Electric,Ghost
809,Rookidee,131,145,159,Paldea,180,226,249,Dark,Fighting
810,Corvisquire,34,68,242,Galar,153,17,88,Ghost,Poison
811,Corviknight,249,238,126,Unova,213,27,33,Fire,DNE
812,Blipbug,250,9,212,Hoenn,139,177,62,Poison,Bug
813,Dottler,195,176,96,Paldea,88,97,171,Water,Grass
814,Orbeetle,217,113,77,Kanto,188,37,130,Steel,DNE
815,Nickit,38,13,55,Sinnoh,83,169,62,Dark,DNE
816,Thievul,195,112,25,Alola,256,44,204,Dark,DNE
817,Gossifleur,1,230,143,Kanto,65,197,62,Ghost,DNE
818,Eldegoss,140,244,44,Kanto,106,69,91,Ice,DNE
819,Wooloo,227,82,163,Hoenn,70,70,240,Flying,Fire
820,Dubwool,55,92,109,Kanto,83,136,186,Normal,Ice
821,Chewtle,84,10,112,Hoenn,55,48,91,Normal,Psychic
822,Drednaw,86,103,203,Johto,142,214,56,Grass,Ice
823,Yamper,65,128,50,Kanto,208,72,108,Grass,DNE
824,Boltund,234,147,214,Alola,9,64,142,Dragon,Water
825,Rolycoly,211,236,253,Alola,200,251,143,Water,Flying
826,Carkol,193,41,173,Unova,98,118,181,Ice,Water
827,Coalossal,59,26,248,Unova,169,251,13,Ground,Rock
828,Applin,43,143,190,Paldea,186,142,238,Water,Dragon
829,Flapple,94,132,144,Unova,57,179,123,Poison,Bug
830,Appletun,183,99,21,Hoenn,122,51,93,Psychic,Flying
831,Silicobra,130,207,178,Kanto,140,10,67,Ice,Ground
832,Sandaconda,39,239,7,Alola,104,19,240,Grass,Electric
833,Cramorant,192,77,152,Galar,107,166,127,Water,Ice
834,Arrokuda,144,68,92,Kanto,246,224,239,Steel,Dragon
835,Barraskewda,256,168,40,Johto,166,21,155,Fire,Ground
836,Toxel,63,63,133,Kalos,221,87,6,Rock,Ghost
837,Toxtricity,101,31,226,Alola,111,125,21,Dark,Electric
838,Sizzlipede,238,19,221,Galar,253,217,186,Bug,Steel
839,Centiskorch,91,37,38,Sinnoh,153,96,137,Ice,Ground
840,Clobbopus,237,111,156,Kanto,22,251,248,Poison,Grass
841,Grapploct,142,150,126,Kalos,86,121,51,Bug,Fighting
842,Sinistea,137,182,186,Sinnoh,72,174,76,Bug,Psychic
843,Polteageist,72,160,233,Kanto,87,78,51,Dark,Psychic
844,Hatenna,251,72,189,Hoenn,197,173,191,Steel,Water
845,Hattrem,171,21,86,Kalos,83,68,171,Bug,Fire
846,Hatterene,222,24,198,Hoenn,230,234,170,Grass,Dark
847,Impidimp,218,84,223,Johto,120,155,158,Electric,Ground
848,Morgrem,102,170,186,Hoenn,72,128,198,Electric,DNE
849,Grimmsnarl,136,187,24,Alola,123,71,72,Poison,DNE
850,Obstagoon,133,83,202,Sinnoh,137,38,114,Steel,Grass
851,Perrserker,29,166,238,Kanto,235,185,48,Dark,Fairy
852,Cursola,255,177,167,Kalos,222,196,189,Dragon,DNE
853,Runerigus,176,245,245,Galar,96,197,187,Ice,Electric
854,Milcery,203,89,150,Kanto,90,152,207,Fire,Grass
855,Alcremie,32,173,222,Hoenn,111,152,85,Normal,Ghost
856,Falinks,179,141,225,Kalos,124,242,47,Fighting,Fire
857,Pincurchin,150,9,92,Sinnoh,100,254,99,Rock,Poison
858,Snom,65,35,235,Kalos,205,42,84,Ghost,Dragon
859,Frosmoth,193,191,111,Hoenn,41,76,31,Grass,DNE
860,Stonjourner,220,121,86,Hoenn,192,175,226,Rock,Fighting
861,Eiscue,63,126,240,Sinnoh,201,231,29,Fire,DNE
862,Indeedee,157,79,230,Kanto,73,256,202,Ghost,DNE
863,Morpeko,56,100,29,Kalos,99,34,222,Grass,Psychic
864,Cufant,16,31,197,Paldea,220,49,67,Ghost,Flying
865,Copperajah,206,116,232,Johto,33,9,86,Poison,Fairy
866,Dracozolt,128,6,171,Sinnoh,80,183,181,Dragon,DNE
867,Arctozolt,188,210,215,Paldea,163,81,201,Fighting,DNE
868,Dracovish,122,7,222,Johto,179,181,209,Ghost,Dragon
869,Arctovish,90,109,160,Johto,104,166,246,Ice,DNE
870,Duraludon,64,116,41,Paldea,253,7,165,Fighting,Ghost
871,Dreepy,121,81,166,Kalos,37,164,7,Dragon,DNE
872,Drakloak,195,157,140,Kalos,251,239,89,Fairy,Rock
873,Dragapult,251,39,43,Sinnoh,195,225,61,Normal,Electric
874,Zacian,184,183,21,Unova,176,85,75,Fire,Grass
875,Zamazenta,66,209,245,Alola,7,62,234,Bug,Flying
876,Eternatus,181,158,195,Kanto,99,174,110,Flying,Fighting
877,Kubfu,144,221,212,Johto,54,147,35,Steel,Psychic
878,Urshifu,205,245,184,Sinnoh,5,34,168,Dark,Fire
879,Zarude,1,92,253,Kalos,115,143,170,Ghost,Electric
880,Regieleki,52,251,250,Unova,239,209,209,Grass,Fire
881,Regidrago,83,97,235,Hoenn,14,254,115,Fairy,Psychic
882,Glastrier,10,251,233,Paldea,79,216,10,Dark,Grass
883,Spectrier,223,101,221,Unova,20,58,19,Water,Ground
884,Calyrex,146,200,171,Johto,149,102,26,Ghost,Bug
885,Wyrdeer,66,14,34,Sinnoh,27,208,230,Psychic,Fighting
886,Kleavor,73,114,99,Johto,237,247,12,Poison,Dragon
887,Ursaluna,202,196,230,Galar,58,20,165,Steel,DNE
888,Basculegion,157,240,245,Hoenn,174,34,228,Electric,DNE
889,Sneasler,218,10,213,Unova,249,247,192,Water,Ground
890,Overqwil,144,243,51,Galar,4,185,215,Dark,Ice
891,Enamorus,37,205,17,Alola,128,103,168,Electric,Fairy
892,Sprigatito,124,246,22,Hoenn,204,73,215,Dark,Dragon
893,Floragato,225,190,135,Galar,68,142,253,Normal,Water
894,Meowscarada,12,137,186,Unova,13,256,116,Water,Fighting
895,Fuecoco,225,219,80,Alola,234,176,219,Grass,Ground
896,Crocalor,127,226,157,Alola,142,196,153,Psychic,Fairy
897,Skeledirge,227,48,147,Galar,218,223,242,Fighting,Ice
898,Quaxly,2,38,101,Galar,2,32,154,Ghost,Fighting
899,Quaxwell,244,168,212,Hoenn,149,85,176,Dark,DNE
900,Quaquaval,45,251,215,Unova,195,151,8,Steel,Flying
901,Lechonk,213,125,28,Unova,208,119,171,Fire,DNE
902,Oinkologne,203,58,28,Sinnoh,96,61,109,Grass,Ghost
903,Tarountula,224,209,91,Paldea,185,64,124,Water,Ghost
904,Spidops,237,236,11,Johto,100,59,198,Psychic,Ghost
905,Nymble,4,48,251,Paldea,240,250,120,Fighting,DNE
906,Lokix,95,235,234,Paldea,172,253,51,Ground,DNE
907,Pawmi,27,4,58,Galar,40,138,11,Fighting,DNE
908,Pawmo,156,239,52,Paldea,83,48,251,Poison,Flying
909,Pawmot,133,63,215,Paldea,68,137,11,Psychic,Rock
910,Tandemaus,74,248,217,Sinnoh,124,56,50,Normal,Electric
911,Maushold,151,57,139,Sinnoh,141,186,28,Dragon,Flying
912,Fidough,24,246,39,Kalos,220,193,116,Steel,Electric
913,Dachsbun,126,227,133,Paldea,112,143,18,Normal,Rock
914,Smoliv,153,171,108,Sinnoh,161,17,46,Fairy,DNE
915,Dolliv,102,90,230,Unova,110,184,254,Electric,Ground
916,Arboliva,120,225,110,Paldea,215,81,154,Poison,Bug
917,Squawkabilly,65,212,7,Johto,254,163,79,Grass,DNE
918,Nacli,111,186,171,Kanto,73,124,117,Fighting,Fire
919,Naclstack,180,205,118,Unova,38,49,197,Fire,Normal
920,Garganacl,221,82,84,Kanto,254,171,173,Ice,Poison
921,Charcadet,182,135,114,Johto,63,120,155,Normal,Fairy
922,Armarouge,50,18,26,Kanto,252,217,186,Steel,Rock
923,Ceruledge,82,206,163,Kalos,67,180,247,Ground,Normal
924,Tadbulb,239,198,208,Paldea,60,67,163,Ghost,Flying
925,Bellibolt,140,152,49,Sinnoh,147,230,174,Grass,Rock
926,Wattrel,246,193,120,Galar,76,33,119,Dragon,Water
927,Kilowattrel,149,96,170,Kanto,67,123,240,Fairy,Ice
928,Maschiff,90,107,47,Paldea,232,65,55,Poison,Steel
929,Mabosstiff,221,150,228,Sinnoh,58,59,26,Psychic,Rock
930,Shroodle,202,143,229,Unova,4,165,101,Normal,Fairy
931,Grafaiai,174,220,168,Johto,80,76,255,Fighting,Poison
932,Bramblin,198,130,47,Kanto,238,198,202,Electric,Fighting
933,Brambleghast,196,71,71,Alola,124,67,131,Rock,Steel
934,Toedscool,131,43,15,Unova,63,148,208,Electric,Normal
935,Toedscruel,175,65,60,Sinnoh,244,197,204,Steel,Flying
936,Klawf,99,56,65,Galar,10,61,158,Psychic,DNE
937,Capsakid,171,34,79,Galar,150,76,81,Dark,Fire
938,Scovillain,111,220,9,Kalos,164,52,84,Poison,Steel
939,Rellor,106,229,90,Kanto,65,142,108,Rock,DNE
940,Rabsca,168,134,134,Kanto,7,152,239,Normal,Ice
941,Flittle,17,212,79,Johto,19,240,19,Electric,Water
942,Espathra,167,35,99,Johto,63,69,55,Steel,Water
943,Tinkatink,45,199,111,Galar,8,209,31,Fighting,DNE
944,Tinkatuff,63,165,57,Hoenn,58,251,38,Poison,Steel
945,Tinkaton,247,5,67,Hoenn,71,27,105,Rock,Bug
946,Wiglett,68,152,149,Paldea,40,34,166,Flying,Fairy
947,Wugtrio,87,229,197,Paldea,74,124,9,Fairy,Dark
948,Bombirdier,89,189,167,Sinnoh,44,186,192,Fighting,Dark
949,Finizen,40,85,54,Johto,130,204,62,Fairy,Bug
950,Palafin,31,74,107,Kalos,175,207,94,Fire,DNE
951,Varoom,103,226,237,Galar,63,47,9,Rock,Fighting
952,Revavroom,161,150,5,Hoenn,22,158,231,Electric,Normal
953,Cyclizar,18,173,14,Kanto,176,190,168,Rock,Grass
954,Orthworm,218,132,1,Paldea,145,122,186,Ground,DNE
955,Glimmet,114,28,142,Unova,156,26,28,Poison,Dragon
956,Glimmora,37,65,177,Kanto,79,19,245,Ground,DNE
957,Greavard,70,89,102,Kalos,4,5,244,Water,Steel
958,Houndstone,203,66,133,Sinnoh,16,245,91,Normal,Ice
959,Flamigo,155,229,170,Johto,65,105,3,Steel,Fairy
960,Cetoddle,244,35,240,Kanto,79,90,75,Ground,DNE
961,Cetitan,48,28,114,Kalos,186,1,29,Bug,Normal
962,Veluza,227,104,157,Galar,125,216,16,Ghost,Dark
963,Dondozo,146,159,75,Kanto,195,99,130,Flying,DNE
964,Tatsugiri,64,188,55,Unova,87,35,163,Grass,Water
965,Annihilape,127,121,4,Alola,216,161,46,Grass,Water
966,Clodsire,8,160,170,Kalos,204,117,116,Normal,Ground
967,Farigiraf,185,74,252,Unova,174,177,41,Fire,DNE
968,Dudunsparce,163,207,225,Unova,194,238,93,Flying,DNE
969,Kingambit,62,26,162,Kalos,9,221,77,Grass,Water
970,Frigibax,4,245,115,Kalos,68,192,25,Grass,Fairy
971,Arctibax,105,236,4,Unova,157,100,112,Poison,Water
972,Baxcalibur,102,33,70,Kanto,186,155,132,Water,Grass
973,Gimmighoul,84,142,147,Galar,142,246,22,Dark,DNE
974,Gholdengo,241,82,214,Alola,5,124,90,Fighting,Grass
975,Wo-Chien,157,40,234,Galar,17,43,208,Dark,Fairy
976,Chien-Pao,76,169,79,Kanto,72,68,175,Fighting,DNE
977,Ting-Lu,231,194,225,Hoenn,26,172,238,Dark,Bug
978,Chi-Yu,80,113,50,Kalos,164,2,242,Ghost,DNE
979,Koraidon,137,181,247,Alola,205,26,186,Psychic,Grass
980,Miraidon,173,149,18,Unova,110,172,39,Grass,Steel
